{
  "Linear Regression": {
    "mae": 2.9022556012009297,
    "mse": 19.21682675079468,
    "rmse": 4.383700120993073,
    "r2_score": 0.5123750972067521,
    "mape": 42.87042239678288,
    "explained_variance": 0.5155264504900468,
    "max_error": 17.20959959853293,
    "mean_residual": 0.3524085571125885,
    "training_time": 0.0030117034912109375
  },
  "Ridge Regression": {
    "mae": 2.894215081075406,
    "mse": 19.130015316058227,
    "rmse": 4.373787296618141,
    "r2_score": 0.5145779279848854,
    "mape": 42.564570888461226,
    "explained_variance": 0.5179992280539378,
    "max_error": 17.216441187741626,
    "mean_residual": 0.36719222948368846,
    "training_time": 0.002023935317993164
  },
  "Lasso Regression": {
    "mae": 2.992598310087445,
    "mse": 19.840144913286846,
    "rmse": 4.454227757230971,
    "r2_score": 0.4965584661710407,
    "mape": 40.714775997034664,
    "explained_variance": 0.502351834347464,
    "max_error": 16.85673551741396,
    "mean_residual": 0.47781905353661636,
    "training_time": 0.0030159950256347656
  },
  "Elastic Net": {
    "mae": 2.9649977831112766,
    "mse": 19.537082103290874,
    "rmse": 4.420077160332258,
    "r2_score": 0.5042486522345866,
    "mape": 40.47343527646244,
    "explained_variance": 0.5102278705652146,
    "max_error": 16.809437282008954,
    "mean_residual": 0.4854227262010022,
    "training_time": 0.002007722854614258
  },
  "Random Forest": {
    "mae": 1.9251283582089547,
    "mse": 9.153517750895515,
    "rmse": 3.025478102861681,
    "r2_score": 0.7677304759323953,
    "mape": 27.256350697165093,
    "explained_variance": 0.7693201393620723,
    "max_error": 11.438199999999991,
    "mean_residual": 0.25029402985074434,
    "training_time": 0.12436389923095703
  },
  "Extra Trees": {
    "mae": 1.7914082089552232,
    "mse": 9.123920003507461,
    "rmse": 3.0205827258175635,
    "r2_score": 0.7684815155749004,
    "mape": 26.871080213198862,
    "explained_variance": 0.7694544254525104,
    "max_error": 17.320400000000017,
    "mean_residual": 0.19580970149253488,
    "training_time": 0.0867459774017334
  },
  "Gradient Boosting": {
    "mae": 1.8886047859443746,
    "mse": 9.10887322359913,
    "rmse": 3.018090989946978,
    "r2_score": 0.7688633259895594,
    "mape": 25.659987690533136,
    "explained_variance": 0.7721181706505948,
    "max_error": 13.062442927672521,
    "mean_residual": 0.3581484139715847,
    "training_time": 0.11280488967895508
  },
  "Decision Tree": {
    "mae": 2.197089552238806,
    "mse": 14.502748507462687,
    "rmse": 3.808247432541994,
    "r2_score": 0.6319943233659029,
    "mape": 31.141901218614223,
    "explained_variance": 0.632266184752341,
    "max_error": 22.35,
    "mean_residual": -0.10350746268656709,
    "training_time": 0.0050699710845947266
  },
  "Support Vector Regression": {
    "mae": 2.813938796406414,
    "mse": 21.57331268750953,
    "rmse": 4.64470803038356,
    "r2_score": 0.4525795211355511,
    "mape": 35.58080780880106,
    "explained_variance": 0.4882171538400899,
    "max_error": 18.435492953248634,
    "mean_residual": 1.1850926995439428,
    "training_time": 0.014572381973266602
  },
  "K-Nearest Neighbors": {
    "mae": 2.7623731343283584,
    "mse": 17.59423895522388,
    "rmse": 4.194548718899791,
    "r2_score": 0.553548087229988,
    "mape": 37.555785229930976,
    "explained_variance": 0.5557065679113782,
    "max_error": 18.05,
    "mean_residual": 0.29165671641791024,
    "training_time": 1.6633358001708984
  },
  "Neural Network": {
    "mae": 2.550751343037896,
    "mse": 18.976600585789583,
    "rmse": 4.356214019741177,
    "r2_score": 0.5184708101919442,
    "mape": 34.91184895240311,
    "explained_variance": 0.5201107119615467,
    "max_error": 19.380729774193664,
    "mean_residual": 0.2542183035582343,
    "training_time": 6.186852931976318
  }
}