{
  "training_date": "2025-08-01T14:15:09.193662",
  "model_metrics": {
    "GradientBoosting": {
      "r2_score": -0.0033692434534684512,
      "mae": 308.3302844661391,
      "mse": 29014721.373934682,
      "rmse": 5386.531478969995,
      "cv_mean": -12088.427583084216,
      "cv_std": 24177.890958158678,
      "training_time": 7.324655771255493,
      "best_params": {
        "learning_rate": 0.1,
        "max_depth": 6,
        "n_estimators": 100
      }
    },
    "RandomForest": {
      "r2_score": -0.02522498449564914,
      "mae": 354.0994505725874,
      "mse": 29646730.219030544,
      "rmse": 5444.881102377769,
      "cv_mean": -10438.585545924108,
      "cv_std": 20875.444687114647,
      "training_time": 3.722007989883423,
      "best_params": {
        "max_depth": 10,
        "min_samples_split": 2,
        "n_estimators": 100
      }
    },
    "ExtraTrees": {
      "r2_score": -0.00346937355915955,
      "mae": 309.34189348046806,
      "mse": 29017616.86543666,
      "rmse": 5386.800243691672,
      "cv_mean": -4929.969794070781,
      "cv_std": 7291.716741077054,
      "training_time": 2.31558895111084,
      "best_params": {
        "max_depth": 10,
        "n_estimators": 200
      }
    },
    "SVR": {
      "r2_score": -0.0034618851790937377,
      "mae": 311.4371055450781,
      "mse": 29017400.321763862,
      "rmse": 5386.780144182967,
      "cv_mean": 0.38793350606621346,
      "cv_std": 0.2059324916374918,
      "training_time": 0.6398108005523682,
      "best_params": {
        "C": 100,
        "gamma": "scale",
        "kernel": "rbf"
      }
    },
    "Ridge": {
      "r2_score": -0.03095468212029817,
      "mae": 572.8572721545326,
      "mse": 29812417.558183867,
      "rmse": 5460.074867452265,
      "cv_mean": -2133.977002168272,
      "cv_std": 1071.092518254287,
      "training_time": 0.022986888885498047,
      "best_params": {
        "alpha": 10.0
      }
    }
  },
  "feature_count": 18,
  "training_samples": 1242,
  "test_samples": 311,
  "best_model": "GradientBoosting"
}